<?xml version="1.1" encoding="UTF-8"?>

<channel name="xfce4-keyboard-shortcuts" version="1.0">
  <property name="commands" type="empty">
    <property name="default" type="empty">
      <property name="&lt;Alt&gt;F1" type="empty"/>
      <property name="&lt;Alt&gt;F2" type="empty"/>
      <property name="&lt;Alt&gt;F3" type="empty"/>
      <property name="&lt;Alt&gt;Print" type="empty"/>
      <property name="&lt;Primary&gt;Escape" type="empty"/>
      <property name="&lt;Primary&gt;&lt;Alt&gt;Delete" type="empty"/>
      <property name="&lt;Primary&gt;&lt;Alt&gt;Escape" type="empty"/>
      <property name="&lt;Primary&gt;&lt;Alt&gt;f" type="empty"/>
      <property name="&lt;Primary&gt;&lt;Alt&gt;l" type="empty"/>
      <property name="&lt;Primary&gt;&lt;Alt&gt;Print" type="empty"/>
      <property name="&lt;Primary&gt;&lt;Alt&gt;t" type="empty"/>
      <property name="&lt;Primary&gt;&lt;Shift&gt;Escape" type="empty"/>
      <property name="&lt;Primary&gt;&lt;Shift&gt;&lt;Alt&gt;t" type="empty"/>
      <property name="&lt;Primary&gt;&lt;Shift&gt;Print" type="empty"/>
      <property name="&lt;Primary&gt;Print" type="empty"/>
      <property name="&lt;Shift&gt;Print" type="empty"/>
      <property name="&lt;Super&gt;e" type="empty"/>
      <property name="&lt;Super&gt;f" type="empty"/>
      <property name="&lt;Super&gt;F1" type="empty"/>
      <property name="&lt;Super&gt;l" type="empty"/>
      <property name="&lt;Super&gt;p" type="empty"/>
      <property name="&lt;Super&gt;r" type="empty"/>
      <property name="&lt;Super&gt;t" type="empty"/>
      <property name="&lt;Super&gt;w" type="empty"/>
      <property name="override" type="empty"/>
      <property name="Print" type="empty"/>
      <property name="XF86Calculator" type="empty"/>
      <property name="XF86Display" type="empty"/>
      <property name="XF86Explorer" type="empty"/>
      <property name="XF86HomePage" type="empty"/>
      <property name="XF86Mail" type="empty"/>
      <property name="XF86WWW" type="empty"/>
    </property>
    <property name="custom" type="empty">
      <property name="&lt;Primary&gt;&lt;Alt&gt;Delete" type="string" value="xfce4-session-logout"/>
      <property name="&lt;Primary&gt;&lt;Shift&gt;Print" type="string" value="/usr/share/kali-themes/xfce4-screenshooter --region --clipboard"/>
      <property name="&lt;Super&gt;f" type="string" value="exo-open --launch FileManager"/>
      <property name="&lt;Alt&gt;F1" type="string" value="xfce4-popup-whiskermenu --pointer"/>
      <property name="&lt;Super&gt;w" type="string" value="exo-open --launch WebBrowser"/>
      <property name="&lt;Super&gt;l" type="string" value="xflock4"/>
      <property name="&lt;Primary&gt;&lt;Alt&gt;t" type="string" value="exo-open --launch TerminalEmulator"/>
      <property name="&lt;Primary&gt;&lt;Shift&gt;&lt;Alt&gt;t" type="string" value="pkexec x-terminal-emulator"/>
      <property name="&lt;Super&gt;r" type="string" value="xfrun4"/>
      <property name="Print" type="string" value="/usr/share/kali-themes/xfce4-screenshooter"/>
      <property name="&lt;Primary&gt;&lt;Alt&gt;Escape" type="string" value="xkill"/>
      <property name="&lt;Alt&gt;F2" type="string" value="xfrun4"/>
      <property name="XF86Explorer" type="string" value="exo-open --launch FileManager"/>
      <property name="override" type="bool" value="true"/>
      <property name="&lt;Primary&gt;Escape" type="string" value="xfce4-popup-whiskermenu"/>
      <property name="&lt;Primary&gt;&lt;Shift&gt;Escape" type="string" value="xfce4-taskmanager"/>
      <property name="&lt;Alt&gt;F3" type="string" value="xfce4-appfinder"/>
      <property name="XF86Calculator" type="string" value="mate-calc"/>
      <property name="&lt;Super&gt;t" type="string" value="exo-open --launch TerminalEmulator"/>
      <property name="XF86HomePage" type="string" value="exo-open --launch WebBrowser"/>
      <property name="&lt;Primary&gt;&lt;Alt&gt;f" type="string" value="exo-open --launch FileManager"/>
      <property name="&lt;Alt&gt;Print" type="string" value="/usr/share/kali-themes/xfce4-screenshooter --window"/>
      <property name="&lt;Super&gt;F1" type="string" value="xfce4-find-cursor"/>
      <property name="&lt;Primary&gt;&lt;Alt&gt;l" type="string" value="xflock4"/>
      <property name="XF86Display" type="string" value="xfce4-display-settings --minimal"/>
      <property name="&lt;Primary&gt;Print" type="string" value="/usr/share/kali-themes/xfce4-screenshooter --fullscreen --clipboard"/>
      <property name="&lt;Shift&gt;Print" type="string" value="/usr/share/kali-themes/xfce4-screenshooter --region"/>
      <property name="XF86Mail" type="string" value="exo-open --launch MailReader"/>
      <property name="&lt;Super&gt;p" type="string" value="xfce4-display-settings --minimal"/>
      <property name="&lt;Super&gt;e" type="string" value="exo-open --launch FileManager"/>
      <property name="&lt;Primary&gt;&lt;Alt&gt;Print" type="string" value="/usr/share/kali-themes/xfce4-screenshooter --window --clipboard"/>
      <property name="XF86WWW" type="string" value="exo-open --launch WebBrowser"/>
    </property>
  </property>
  <property name="xfwm4" type="empty">
    <property name="default" type="empty">
      <property name="Down" type="empty"/>
      <property name="Escape" type="empty"/>
      <property name="Left" type="empty"/>
      <property name="&lt;Alt&gt;Delete" type="empty"/>
      <property name="&lt;Alt&gt;F11" type="empty"/>
      <property name="&lt;Alt&gt;F12" type="empty"/>
      <property name="&lt;Alt&gt;F4" type="empty"/>
      <property name="&lt;Alt&gt;F6" type="empty"/>
      <property name="&lt;Alt&gt;F7" type="empty"/>
      <property name="&lt;Alt&gt;F8" type="empty"/>
      <property name="&lt;Alt&gt;Insert" type="empty"/>
      <property name="&lt;Alt&gt;&lt;Shift&gt;Page_Down" type="empty"/>
      <property name="&lt;Alt&gt;&lt;Shift&gt;Page_Up" type="empty"/>
      <property name="&lt;Alt&gt;&lt;Shift&gt;Tab" type="empty"/>
      <property name="&lt;Alt&gt;space" type="empty"/>
      <property name="&lt;Alt&gt;Tab" type="empty"/>
      <property name="&lt;Primary&gt;&lt;Alt&gt;0" type="empty"/>
      <property name="&lt;Primary&gt;&lt;Alt&gt;1" type="empty"/>
      <property name="&lt;Primary&gt;&lt;Alt&gt;2" type="empty"/>
      <property name="&lt;Primary&gt;&lt;Alt&gt;3" type="empty"/>
      <property name="&lt;Primary&gt;&lt;Alt&gt;4" type="empty"/>
      <property name="&lt;Primary&gt;&lt;Alt&gt;5" type="empty"/>
      <property name="&lt;Primary&gt;&lt;Alt&gt;6" type="empty"/>
      <property name="&lt;Primary&gt;&lt;Alt&gt;7" type="empty"/>
      <property name="&lt;Primary&gt;&lt;Alt&gt;8" type="empty"/>
      <property name="&lt;Primary&gt;&lt;Alt&gt;9" type="empty"/>
      <property name="&lt;Primary&gt;&lt;Alt&gt;d" type="empty"/>
      <property name="&lt;Primary&gt;&lt;Alt&gt;Down" type="empty"/>
      <property name="&lt;Primary&gt;&lt;Alt&gt;End" type="empty"/>
      <property name="&lt;Primary&gt;&lt;Alt&gt;Home" type="empty"/>
      <property name="&lt;Primary&gt;&lt;Alt&gt;Left" type="empty"/>
      <property name="&lt;Primary&gt;&lt;Alt&gt;&lt;Shift&gt;Down" type="empty"/>
      <property name="&lt;Primary&gt;&lt;Alt&gt;&lt;Shift&gt;Left" type="empty"/>
      <property name="&lt;Primary&gt;&lt;Alt&gt;&lt;Shift&gt;Right" type="empty"/>
      <property name="&lt;Primary&gt;&lt;Alt&gt;&lt;Shift&gt;Up" type="empty"/>
      <property name="&lt;Primary&gt;&lt;Alt&gt;Right" type="empty"/>
      <property name="&lt;Primary&gt;&lt;Alt&gt;Up" type="empty"/>
      <property name="&lt;Primary&gt;&lt;Super&gt;0" type="empty"/>
      <property name="&lt;Primary&gt;&lt;Super&gt;1" type="empty"/>
      <property name="&lt;Primary&gt;&lt;Super&gt;2" type="empty"/>
      <property name="&lt;Primary&gt;&lt;Super&gt;3" type="empty"/>
      <property name="&lt;Primary&gt;&lt;Super&gt;4" type="empty"/>
      <property name="&lt;Primary&gt;&lt;Super&gt;5" type="empty"/>
      <property name="&lt;Primary&gt;&lt;Super&gt;6" type="empty"/>
      <property name="&lt;Primary&gt;&lt;Super&gt;7" type="empty"/>
      <property name="&lt;Primary&gt;&lt;Super&gt;8" type="empty"/>
      <property name="&lt;Primary&gt;&lt;Super&gt;9" type="empty"/>
      <property name="&lt;Primary&gt;&lt;Super&gt;Down" type="empty"/>
      <property name="&lt;Primary&gt;&lt;Super&gt;Up" type="empty"/>
      <property name="&lt;Shift&gt;&lt;Super&gt;Down" type="empty"/>
      <property name="&lt;Shift&gt;&lt;Super&gt;Left" type="empty"/>
      <property name="&lt;Shift&gt;&lt;Super&gt;Right" type="empty"/>
      <property name="&lt;Shift&gt;&lt;Super&gt;Up" type="empty"/>
      <property name="&lt;Super&gt;d" type="empty"/>
      <property name="&lt;Super&gt;Down" type="empty"/>
      <property name="&lt;Super&gt;KP_1" type="empty"/>
      <property name="&lt;Super&gt;KP_3" type="empty"/>
      <property name="&lt;Super&gt;KP_7" type="empty"/>
      <property name="&lt;Super&gt;KP_9" type="empty"/>
      <property name="&lt;Super&gt;Left" type="empty"/>
      <property name="&lt;Super&gt;Right" type="empty"/>
      <property name="&lt;Super&gt;Tab" type="empty"/>
      <property name="&lt;Super&gt;Up" type="empty"/>
      <property name="Right" type="empty"/>
      <property name="Up" type="empty"/>
    </property>
    <property name="custom" type="empty">
      <property name="&lt;Primary&gt;&lt;Super&gt;9" type="string" value="move_window_workspace_9_key"/>
      <property name="&lt;Super&gt;KP_7" type="string" value="tile_up_left_key"/>
      <property name="&lt;Alt&gt;F7" type="string" value="move_window_key"/>
      <property name="&lt;Primary&gt;&lt;Alt&gt;4" type="string" value="workspace_4_key"/>
      <property name="&lt;Alt&gt;&lt;Shift&gt;Tab" type="string" value="cycle_reverse_windows_key"/>
      <property name="&lt;Primary&gt;&lt;Alt&gt;Right" type="string" value="right_workspace_key"/>
      <property name="&lt;Alt&gt;F12" type="string" value="above_key"/>
      <property name="&lt;Alt&gt;F8" type="string" value="resize_window_key"/>
      <property name="&lt;Primary&gt;&lt;Alt&gt;5" type="string" value="workspace_5_key"/>
      <property name="&lt;Primary&gt;&lt;Alt&gt;&lt;Shift&gt;Right" type="string" value="move_window_right_workspace_key"/>
      <property name="&lt;Super&gt;Tab" type="string" value="switch_window_key"/>
      <property name="Right" type="string" value="right_key"/>
      <property name="Left" type="string" value="left_key"/>
      <property name="&lt;Super&gt;KP_9" type="string" value="tile_up_right_key"/>
      <property name="&lt;Primary&gt;&lt;Alt&gt;d" type="string" value="show_desktop_key"/>
      <property name="Up" type="string" value="up_key"/>
      <property name="&lt;Primary&gt;&lt;Alt&gt;6" type="string" value="workspace_6_key"/>
      <property name="&lt;Primary&gt;&lt;Super&gt;0" type="string" value="move_window_workspace_10_key"/>
      <property name="Down" type="string" value="down_key"/>
      <property name="&lt;Primary&gt;&lt;Alt&gt;Left" type="string" value="left_workspace_key"/>
      <property name="&lt;Primary&gt;&lt;Super&gt;1" type="string" value="move_window_workspace_1_key"/>
      <property name="&lt;Primary&gt;&lt;Alt&gt;7" type="string" value="workspace_7_key"/>
      <property name="&lt;Primary&gt;&lt;Super&gt;Up" type="string" value="tile_up_key"/>
      <property name="&lt;Shift&gt;&lt;Super&gt;Right" type="string" value="move_window_to_monitor_right_key"/>
      <property name="&lt;Primary&gt;&lt;Alt&gt;Down" type="string" value="down_workspace_key"/>
      <property name="&lt;Primary&gt;&lt;Super&gt;2" type="string" value="move_window_workspace_2_key"/>
      <property name="&lt;Primary&gt;&lt;Alt&gt;End" type="string" value="move_window_next_workspace_key"/>
      <property name="&lt;Primary&gt;&lt;Alt&gt;8" type="string" value="workspace_8_key"/>
      <property name="&lt;Primary&gt;&lt;Super&gt;3" type="string" value="move_window_workspace_3_key"/>
      <property name="&lt;Primary&gt;&lt;Alt&gt;9" type="string" value="workspace_9_key"/>
      <property name="&lt;Super&gt;KP_1" type="string" value="tile_down_left_key"/>
      <property name="&lt;Super&gt;Right" type="string" value="tile_right_key"/>
      <property name="&lt;Alt&gt;Insert" type="string" value="add_workspace_key"/>
      <property name="&lt;Primary&gt;&lt;Super&gt;4" type="string" value="move_window_workspace_4_key"/>
      <property name="&lt;Shift&gt;&lt;Super&gt;Up" type="string" value="move_window_to_monitor_up_key"/>
      <property name="Escape" type="string" value="cancel_key"/>
      <property name="&lt;Super&gt;d" type="string" value="show_desktop_key"/>
      <property name="&lt;Primary&gt;&lt;Alt&gt;Home" type="string" value="move_window_prev_workspace_key"/>
      <property name="&lt;Primary&gt;&lt;Super&gt;5" type="string" value="move_window_workspace_5_key"/>
      <property name="&lt;Primary&gt;&lt;Super&gt;Down" type="string" value="tile_down_key"/>
      <property name="&lt;Super&gt;KP_3" type="string" value="tile_down_right_key"/>
      <property name="&lt;Primary&gt;&lt;Alt&gt;&lt;Shift&gt;Left" type="string" value="move_window_left_workspace_key"/>
      <property name="&lt;Super&gt;Up" type="string" value="maximize_window_key"/>
      <property name="&lt;Primary&gt;&lt;Alt&gt;0" type="string" value="workspace_10_key"/>
      <property name="&lt;Primary&gt;&lt;Alt&gt;Up" type="string" value="up_workspace_key"/>
      <property name="&lt;Primary&gt;&lt;Super&gt;6" type="string" value="move_window_workspace_6_key"/>
      <property name="&lt;Super&gt;Left" type="string" value="tile_left_key"/>
      <property name="&lt;Primary&gt;&lt;Alt&gt;&lt;Shift&gt;Down" type="string" value="move_window_down_workspace_key"/>
      <property name="&lt;Alt&gt;F4" type="string" value="close_window_key"/>
      <property name="&lt;Primary&gt;&lt;Alt&gt;&lt;Shift&gt;Up" type="string" value="move_window_up_workspace_key"/>
      <property name="&lt;Alt&gt;&lt;Shift&gt;Page_Up" type="string" value="raise_window_key"/>
      <property name="&lt;Primary&gt;&lt;Alt&gt;1" type="string" value="workspace_1_key"/>
      <property name="&lt;Alt&gt;Delete" type="string" value="del_workspace_key"/>
      <property name="&lt;Primary&gt;&lt;Super&gt;7" type="string" value="move_window_workspace_7_key"/>
      <property name="&lt;Shift&gt;&lt;Super&gt;Left" type="string" value="move_window_to_monitor_left_key"/>
      <property name="&lt;Super&gt;Down" type="string" value="hide_window_key"/>
      <property name="&lt;Primary&gt;&lt;Alt&gt;2" type="string" value="workspace_2_key"/>
      <property name="&lt;Shift&gt;&lt;Super&gt;Down" type="string" value="move_window_to_monitor_down_key"/>
      <property name="&lt;Primary&gt;&lt;Super&gt;8" type="string" value="move_window_workspace_8_key"/>
      <property name="&lt;Alt&gt;Tab" type="string" value="cycle_windows_key"/>
      <property name="&lt;Alt&gt;space" type="string" value="popup_menu_key"/>
      <property name="&lt;Alt&gt;F6" type="string" value="stick_window_key"/>
      <property name="&lt;Alt&gt;&lt;Shift&gt;Page_Down" type="string" value="lower_window_key"/>
      <property name="&lt;Alt&gt;F11" type="string" value="fullscreen_key"/>
      <property name="&lt;Primary&gt;&lt;Alt&gt;3" type="string" value="workspace_3_key"/>
      <property name="override" type="bool" value="true"/>
    </property>
  </property>
  <property name="providers" type="array">
    <value type="string" value="xfwm4"/>
    <value type="string" value="commands"/>
  </property>
</channel>
