<?xml version="1.1" encoding="UTF-8"?>

<channel name="xfce4-panel" version="1.0">
  <property name="configver" type="int" value="2"/>
  <property name="panels" type="array">
    <value type="int" value="1"/>
    <property name="panel-1" type="empty">
      <property name="position" type="string" value="p=6;x=0;y=0"/>
      <property name="length" type="uint" value="100"/>
      <property name="position-locked" type="bool" value="true"/>
      <property name="size" type="uint" value="34"/>
      <property name="plugin-ids" type="array">
        <value type="int" value="1"/>
        <value type="int" value="2"/>
        <value type="int" value="3"/>
        <value type="int" value="4"/>
        <value type="int" value="5"/>
        <value type="int" value="6"/>
        <value type="int" value="7"/>
        <value type="int" value="8"/>
        <value type="int" value="9"/>
        <value type="int" value="10"/>
        <value type="int" value="11"/>
        <value type="int" value="12"/>
        <value type="int" value="13"/>
        <value type="int" value="14"/>
        <value type="int" value="15"/>
        <value type="int" value="16"/>
        <value type="int" value="17"/>
        <value type="int" value="18"/>
        <value type="int" value="19"/>
        <value type="int" value="20"/>
        <value type="int" value="21"/>
        <value type="int" value="22"/>
      </property>
    </property>
  </property>
  <property name="plugins" type="empty">
    <property name="plugin-1" type="string" value="whiskermenu"/>
    <property name="plugin-2" type="string" value="separator"/>
    <property name="plugin-3" type="string" value="showdesktop"/>
    <property name="plugin-4" type="string" value="directorymenu">
      <property name="icon-name" type="string" value="system-file-manager"/>
      <property name="base-directory" type="string" value="/home/thrive-now"/>
    </property>
    <property name="plugin-5" type="string" value="launcher">
      <property name="items" type="array">
        <value type="string" value="17660935971.desktop"/>
      </property>
    </property>
    <property name="plugin-6" type="string" value="launcher">
      <property name="items" type="array">
        <value type="string" value="17660935972.desktop"/>
      </property>
    </property>
    <property name="plugin-7" type="string" value="launcher">
      <property name="items" type="array">
        <value type="string" value="17660935973.desktop"/>
        <value type="string" value="17660935974.desktop"/>
        <value type="string" value="17660935975.desktop"/>
      </property>
      <property name="move-first" type="bool" value="true"/>
    </property>
    <property name="plugin-8" type="string" value="separator"/>
    <property name="plugin-9" type="string" value="pager">
      <property name="miniature-view" type="bool" value="false"/>
    </property>
    <property name="plugin-900" type="string" value="pager">
      <property name="miniature-view" type="bool" value="true"/>
      <property name="rows" type="uint" value="2"/>
    </property>
    <property name="plugin-10" type="string" value="separator"/>
    <property name="plugin-11" type="string" value="tasklist">
      <property name="show-handle" type="bool" value="false"/>
      <property name="show-labels" type="bool" value="false"/>
      <property name="middle-click" type="uint" value="1"/>
      <property name="grouping" type="uint" value="1"/>
    </property>
    <property name="plugin-12" type="string" value="separator">
      <property name="expand" type="bool" value="true"/>
      <property name="style" type="uint" value="0"/>
    </property>
    <property name="plugin-13" type="string" value="cpugraph">
      <property name="update-interval" type="int" value="0"/>
      <property name="time-scale" type="int" value="0"/>
      <property name="size" type="int" value="128"/>
      <property name="mode" type="int" value="1"/>
      <property name="color-mode" type="int" value="1"/>
      <property name="frame" type="int" value="0"/>
      <property name="border" type="int" value="0"/>
      <property name="bars" type="int" value="1"/>
      <property name="foreground-1" type="array">
        <value type="double" value="0.15294117647058825"/>
        <value type="double" value="0.46666666666666656"/>
        <value type="double" value="1"/>
        <value type="double" value="1"/>
      </property>
      <property name="foreground-2" type="array">
        <value type="double" value="0"/>
        <value type="double" value="1"/>
        <value type="double" value="0.8784313725490196"/>
        <value type="double" value="1"/>
      </property>
      <property name="bars-color" type="array">
        <value type="double" value="0"/>
        <value type="double" value="1"/>
        <value type="double" value="0.8784313725490196"/>
        <value type="double" value="1"/>
      </property>
      <property name="per-core" type="int" value="0"/>
      <property name="tracked-core" type="int" value="0"/>
      <property name="in-terminal" type="int" value="1"/>
      <property name="startup-notification" type="int" value="0"/>
      <property name="load-threshold" type="int" value="0"/>
      <property name="smt-stats" type="int" value="0"/>
      <property name="smt-issues" type="int" value="0"/>
      <property name="per-core-spacing" type="int" value="1"/>
      <property name="command" type="string" value=""/>
      <property name="background" type="array">
        <value type="double" value="1"/>
        <value type="double" value="1"/>
        <value type="double" value="1"/>
        <value type="double" value="0"/>
      </property>
      <property name="foreground-3" type="array">
        <value type="double" value="0"/>
        <value type="double" value="0"/>
        <value type="double" value="1"/>
        <value type="double" value="1"/>
      </property>
      <property name="smt-issues-color" type="array">
        <value type="double" value="0.90000000000000002"/>
        <value type="double" value="0"/>
        <value type="double" value="0"/>
        <value type="double" value="1"/>
      </property>
      <property name="foreground-system" type="array">
        <value type="double" value="0.90000000000000002"/>
        <value type="double" value="0.10000000000000001"/>
        <value type="double" value="0.10000000000000001"/>
        <value type="double" value="1"/>
      </property>
      <property name="foreground-user" type="array">
        <value type="double" value="0.10000000000000001"/>
        <value type="double" value="0.40000000000000002"/>
        <value type="double" value="0.90000000000000002"/>
        <value type="double" value="1"/>
      </property>
      <property name="foreground-nice" type="array">
        <value type="double" value="0.90000000000000002"/>
        <value type="double" value="0.80000000000000004"/>
        <value type="double" value="0.20000000000000001"/>
        <value type="double" value="1"/>
      </property>
      <property name="foreground-iowait" type="array">
        <value type="double" value="0.20000000000000001"/>
        <value type="double" value="0.90000000000000002"/>
        <value type="double" value="0.40000000000000002"/>
        <value type="double" value="1"/>
      </property>
    </property>
    <property name="plugin-14" type="string" value="systray">
      <property name="size-max" type="uint" value="22"/>
      <property name="square-icons" type="bool" value="true"/>
      <property name="symbolic-icons" type="bool" value="false"/>
      <property name="known-legacy-items" type="array">
        <value type="string" value="networkmanager applet"/>
        <value type="string" value="no network connection"/>
        <value type="string" value="ibus panel"/>
      </property>
    </property>
    <property name="plugin-15" type="string" value="genmon">
      <property name="command" type="string" value="/usr/share/kali-themes/xfce4-panel-genmon-vpnip.sh"/>
      <property name="use-label" type="bool" value="false"/>
      <property name="update-period" type="int" value="1000"/>
      <property name="enable-single-row" type="bool" value="true"/>
      <property name="font" type="string" value="Fira Code Medium 8"/>
      <property name="text" type="string" value="(genmon)"/>
    </property>
    <property name="plugin-16" type="string" value="pulseaudio">
      <property name="enable-keyboard-shortcuts" type="bool" value="true"/>
    </property>
    <property name="plugin-17" type="string" value="notification-plugin"/>
    <property name="plugin-18" type="string" value="power-manager-plugin"/>
    <property name="plugin-19" type="string" value="clock">
      <property name="digital-layout" type="uint" value="3"/>
      <property name="digital-time-format" type="string" value="%_H:%M"/>
      <property name="digital-time-font" type="string" value="Cantarell 11"/>
    </property>
    <property name="plugin-20" type="string" value="separator">
      <property name="style" type="uint" value="0"/>
    </property>
    <property name="plugin-21" type="string" value="separator"/>
    <property name="plugin-22" type="string" value="actions">
      <property name="appearance" type="uint" value="0"/>
      <property name="items" type="array">
        <value type="string" value="+lock-screen"/>
        <value type="string" value="-switch-user"/>
        <value type="string" value="-separator"/>
        <value type="string" value="-suspend"/>
        <value type="string" value="-hibernate"/>
        <value type="string" value="-hybrid-sleep"/>
        <value type="string" value="-separator"/>
        <value type="string" value="-shutdown"/>
        <value type="string" value="-restart"/>
        <value type="string" value="-separator"/>
        <value type="string" value="+logout"/>
        <value type="string" value="-logout-dialog"/>
      </property>
    </property>
    <property name="plugin-2200" type="string" value="actions">
      <property name="appearance" type="uint" value="0"/>
      <property name="items" type="array">
        <value type="string" value="-lock-screen"/>
        <value type="string" value="-switch-user"/>
        <value type="string" value="-separator"/>
        <value type="string" value="-suspend"/>
        <value type="string" value="-hibernate"/>
        <value type="string" value="-hybrid-sleep"/>
        <value type="string" value="-separator"/>
        <value type="string" value="-shutdown"/>
        <value type="string" value="-restart"/>
        <value type="string" value="-separator"/>
        <value type="string" value="+logout"/>
        <value type="string" value="-logout-dialog"/>
      </property>
    </property>
  </property>
</channel>
