<?xml version="1.1" encoding="UTF-8"?>

<channel name="xfce4-desktop" version="1.0">
  <property name="backdrop" type="empty">
    <property name="screen0" type="empty">
      <property name="monitor0" type="empty">
        <property name="brightness" type="empty"/>
        <property name="color1" type="empty"/>
        <property name="color2" type="empty"/>
        <property name="color-style" type="int" value="1"/>
        <property name="image-path" type="empty"/>
        <property name="image-show" type="empty"/>
        <property name="last-image" type="string" value="/usr/share/backgrounds/everydaylinuxuser/xfce-x.svg.original"/>
        <property name="last-single-image" type="empty"/>
        <property name="image-style" type="int" value="5"/>
      </property>
      <property name="monitor1" type="empty">
        <property name="brightness" type="empty"/>
        <property name="color1" type="empty"/>
        <property name="color2" type="empty"/>
        <property name="color-style" type="empty"/>
        <property name="image-path" type="empty"/>
        <property name="image-show" type="empty"/>
        <property name="last-image" type="empty"/>
        <property name="last-single-image" type="empty"/>
        <property name="image-style" type="empty"/>
      </property>
      <property name="monitor2" type="empty">
        <property name="image-path" type="empty"/>
        <property name="image-style" type="empty"/>
        <property name="image-show" type="empty"/>
      </property>
      <property name="monitor3" type="empty">
        <property name="image-path" type="empty"/>
        <property name="image-style" type="empty"/>
        <property name="image-show" type="empty"/>
      </property>
      <property name="monitor4" type="empty">
        <property name="image-path" type="empty"/>
        <property name="image-style" type="empty"/>
        <property name="image-show" type="empty"/>
      </property>
    </property>
  </property>
  <property name="desktop-icons" type="empty">
    <property name="style" type="empty"/>
    <property name="file-icons" type="empty">
      <property name="show-home" type="empty"/>
      <property name="show-filesystem" type="empty"/>
      <property name="show-removable" type="empty"/>
      <property name="show-trash" type="empty"/>
    </property>
    <property name="icon-size" type="empty"/>
    <property name="tooltip-size" type="empty"/>
  </property>
  <property name="last-settings-migration-version" type="uint" value="1"/>
</channel>
